0,1,job_keyword,Time,Date
40.115674,-83.13273319999999,Software,13:14,2024-12-30
32.7766642,-96.79698789999999,Software,13:14,2024-12-30
32.3855324,-86.2514126,Software,13:15,2024-12-30
41.8781136,-87.6297982,Software,13:15,2024-12-30
29.7600771,-95.37011079999999,Software,13:15,2024-12-30
38.9894702,-77.1370115,Software,13:15,2024-12-30
37.3986039,-121.9643745,Software,13:15,2024-12-30
42.6875323,-83.2341028,Software,13:15,2024-12-30
29.7600771,-95.37011079999999,Software,13:15,2024-12-30
39.0994223,-104.8337879,Software,13:15,2024-12-30
40.7195342,-74.0430133,Software,13:16,2024-12-30
40.7218318,-74.0447003,Software,13:16,2024-12-30
40.7442664,-73.4820687,Data+Analyst,13:28,2024-12-30
40.716828,-74.0375011,Data+Analyst,13:28,2024-12-30
33.9806005,-117.3754942,Data+Analyst,13:28,2024-12-30
33.8676889,-84.4645184,Data+Analyst,13:29,2024-12-30
35.9046545,-86.7718017,Data+Analyst,13:29,2024-12-30
42.732535,-84.5555347,Data+Analyst,13:29,2024-12-30
39.4632824,-76.1203982,Data+Analyst,13:29,2024-12-30
40.5512165,-85.60236429999999,Data+Analyst,13:29,2024-12-30
42.732535,-84.5555347,Data+Analyst,13:29,2024-12-30
42.732535,-84.5555347,Data+Analyst,13:29,2024-12-30
42.737853,-84.57200519999999,Data+Analyst,13:29,2024-12-30
42.732535,-84.5555347,Data+Analyst,13:29,2024-12-30
34.0390107,-118.2672801,Data+Analyst,13:30,2024-12-30
40.2731911,-76.8867008,Data+Analyst,13:30,2024-12-30
39.9396284,-75.18663959999999,Data+Analyst,13:30,2024-12-30
40.2731911,-76.8867008,Data+Analyst,13:30,2024-12-30
38.6446552,-90.33013419999999,Data+Analyst,13:30,2024-12-30
38.5777528,-121.4941738,Data+Analyst,13:30,2024-12-30
36.1523805,-86.7893889,Data+Analyst,13:31,2024-12-30
39.0928449,-95.81428849999999,Data+Analyst,13:31,2024-12-30
41.03737,-74.0447003,Data+Analyst,13:31,2024-12-30
37.4315734,-78.6568942,Data+Analyst,13:31,2024-12-30
44.9685475,-93.3080409,Data+Analyst,13:31,2024-12-30
33.9924186,-96.39712329999999,Data+Analyst,13:31,2024-12-30
38.25569280000001,-85.751283,Data+Analyst,13:32,2024-12-30
38.7945952,-106.5348379,Data+Analyst,13:32,2024-12-30
38.9894702,-77.1370115,Software,13:46,2024-12-30
40.115674,-83.13273319999999,Software,13:47,2024-12-30
43.6629964,-70.2568775,Software,13:47,2024-12-30
37.4529598,-122.1817252,Software,13:47,2024-12-30
37.33874,-121.8852525,Software,13:47,2024-12-30
42.6875323,-83.2341028,Software,13:48,2024-12-30
40.7602619,-73.9932872,Software,13:48,2024-12-30
37.4529598,-122.1817252,Software,13:48,2024-12-30
41.8781136,-87.6297982,Software,13:48,2024-12-30
37.4529598,-122.1817252,Software,13:49,2024-12-30
32.8981142,-117.2029363,Software,13:49,2024-12-30
38.6270025,-90.19940419999999,Software,13:49,2024-12-30
39.0994223,-104.8337879,Software,13:49,2024-12-30
47.6688298,-122.1923875,Software,13:49,2024-12-30
32.3855324,-86.2514126,Software,13:50,2024-12-30
43.6629964,-70.2568775,Software,13:50,2024-12-30
39.1910983,-106.8175387,Software,13:50,2024-12-30
37.33874,-121.8852525,Software,13:50,2024-12-30
37.4529598,-122.1817252,Software,13:51,2024-12-30
47.6061389,-122.3328481,Software,13:51,2024-12-30
39.1202934,-76.77693239999999,Software,13:51,2024-12-30
41.8781136,-87.6297982,Software,13:51,2024-12-30
32.7359626,-96.2752569,Software,13:51,2024-12-30
37.4315734,-78.6568942,Software,13:52,2024-12-30
43.6629964,-70.2568775,Software,13:52,2024-12-30
39.1202934,-76.77693239999999,Software,13:52,2024-12-30
29.7600771,-95.37011079999999,Software,13:52,2024-12-30
36.3723561,-94.21021410000002,Software,13:52,2024-12-30
41.8397865,-87.95355339999999,Software,13:53,2024-12-30
47.6061389,-122.3328481,Software,13:53,2024-12-30
41.0322939,-73.7683784,Software,13:53,2024-12-30
30.4916577,-97.7742702,Software,13:53,2024-12-30
38.5161654,-90.2901815,Software,13:53,2024-12-30
33.4195602,-111.9462873,Software,13:54,2024-12-30
33.5669912,-111.8985922,Software,13:54,2024-12-30
40.7322535,-73.9874105,Software,13:54,2024-12-30
40.7602619,-73.9932872,Software,13:54,2024-12-30
29.7600771,-95.37011079999999,Software,13:54,2024-12-30
35.7795897,-78.6381787,Software,13:55,2024-12-30
45.516964,-122.6732897,Software,13:55,2024-12-30
42.6525793,-73.7562317,Software,13:55,2024-12-30
37.33874,-121.8852525,Software,13:55,2024-12-30
44.9754804,-93.269686,Software,13:55,2024-12-30
47.471573,-94.8826861,Software,13:56,2024-12-30
35.7744301,-78.6313624,Software,13:56,2024-12-30
38.847753,-77.01254449999999,Software,13:56,2024-12-30
30.0141064,-95.6668306,Software,13:56,2024-12-30
33.7501275,-84.3885209,Software,13:57,2024-12-30
37.36883,-122.0363496,Software,13:57,2024-12-30
33.8676889,-84.4645184,Software,13:57,2024-12-30
39.9119721,-82.9716617,Software,13:57,2024-12-30
39.0207668,-77.004626,Software,13:57,2024-12-30
35.7744301,-78.6313624,Software,13:57,2024-12-30
38.0293059,-78.47667810000002,Software,13:58,2024-12-30
33.7501275,-84.3885209,Software,13:58,2024-12-30
42.45723100000001,-71.2766852,Software,18:45,2024-12-30
39.755543,-105.2210997,Software,18:45,2024-12-30
40.2338438,-111.6585337,Software,18:45,2024-12-30
42.3600825,-71.0588801,Software,18:46,2024-12-30
40.7127753,-74.0059728,Software,18:46,2024-12-30
33.0198431,-96.6988856,Software,18:46,2024-12-30
47.7510741,-120.7401386,Software,18:46,2024-12-30
40.0149856,-105.2705456,Software,18:46,2024-12-30
37.7911148,-122.4021273,Software,18:47,2024-12-30
39.7392358,-104.990251,Software,18:47,2024-12-30
43.6590993,-70.2568189,Software,18:47,2024-12-30
39.5835785,-104.8571368,Software,18:47,2024-12-30
35.2294139,-80.9247346,Software,18:48,2024-12-30
33.6041944,-117.8738554,Software,18:48,2024-12-30
38.8716687,-77.11687529999999,Software,18:48,2024-12-30
37.3813444,-122.1802812,Software,18:48,2024-12-30
40.32674069999999,-78.9219698,Software,18:48,2024-12-30
40.6843079,-74.2531465,Software,18:48,2024-12-30
37.7911148,-122.4021273,Software,18:49,2024-12-30
37.8271784,-122.2913078,Software,18:49,2024-12-30
41.8781136,-87.6297982,Software,18:49,2024-12-30
30.3415589,-97.75495459999999,Software,18:49,2024-12-30
38.8338816,-104.8213634,Software,18:49,2024-12-30
39.1202934,-76.77693239999999,Software,18:50,2024-12-30
35.0843859,-106.650422,Software,18:50,2024-12-30
40.6702217,-74.4273911,Software,18:50,2024-12-30
37.7749295,-122.4194155,Software,18:50,2024-12-30
37.36883,-122.0363496,Software,18:50,2024-12-30
29.3743552,-98.385532,Software,18:50,2024-12-30
37.7911148,-122.4021273,Software,18:51,2024-12-30
36.0196499,-79.7624177,Software,18:51,2024-12-30
45.505603,-122.6882145,Software,18:51,2024-12-30
41.74892029999999,-87.91839189999999,Software,18:51,2024-12-30
40.7882429,-74.2562099,Software,18:51,2024-12-30
41.4141172,-73.3035651,Software,18:52,2024-12-30
29.5642078,-95.09110620000001,Software,18:52,2024-12-30
40.7470968,-73.4828374,Software,18:52,2024-12-30
38.9071923,-77.0368707,Software,18:52,2024-12-30
39.1202934,-76.77693239999999,Software,18:52,2024-12-30
40.44062479999999,-79.9958864,Software,18:52,2024-12-30
39.9693,-86.16500239999999,Software,18:53,2024-12-30
38.9071923,-77.0368707,Software,18:53,2024-12-30
42.3517272,-71.0408624,Software,18:53,2024-12-30
39.9693,-86.16500239999999,Software,18:54,2024-12-30
34.0753762,-84.2940899,Software,18:54,2024-12-30
34.0549076,-118.242643,Software,18:54,2024-12-30
40.7606608,-111.8939487,Software,18:55,2024-12-30
41.5676962,-93.75658840000001,Software,18:55,2024-12-30
42.45723100000001,-71.2766852,Software,18:55,2024-12-30
37.36883,-122.0363496,Software,18:55,2024-12-30
32.1574351,-82.90712300000001,Software,18:56,2024-12-30
37.3900264,-122.0812304,Software,18:56,2024-12-30
40.7519846,-73.9697795,Software,18:56,2024-12-30
47.6061389,-122.3328481,Software,18:56,2024-12-30
40.4172871,-82.90712300000001,Software,18:56,2024-12-30
33.0787152,-96.8083063,Software,18:56,2024-12-30
40.44062479999999,-79.9958864,Software,18:57,2024-12-30
29.970895,-95.3207069,Software,18:57,2024-12-30
38.9338676,-77.1772604,Software,18:57,2024-12-30
40.4966567,-74.4442802,Software,18:57,2024-12-30
40.0972222,-75.3761952,Software,18:57,2024-12-30
37.36883,-122.0363496,Software,18:57,2024-12-30
37.4975165,-122.2710602,Software,18:58,2024-12-30
40.43982159999999,-104.6821048,Software,18:58,2024-12-30
32.8721517,-96.99609249999999,Software,18:58,2024-12-30
42.5357932,-70.9665682,Embedded,19:00,2024-12-30
40.7127753,-74.0059728,Embedded,19:00,2024-12-30
40.44062479999999,-79.9958864,Embedded,19:01,2024-12-30
42.3600825,-71.0588801,Embedded,19:01,2024-12-30
42.1841964,-71.13296849999999,Embedded,19:01,2024-12-30
42.9901899,-71.4625883,Embedded,19:01,2024-12-30
47.85839,-122.2709005,Embedded,19:01,2024-12-30
42.9901899,-71.4625883,Embedded,19:02,2024-12-30
33.8291867,-118.3169714,Embedded,19:02,2024-12-30
34.15854789999999,-80.8875861,Embedded,19:02,2024-12-30
40.7136487,-74.0087126,Embedded,19:02,2024-12-30
46.4040971,-117.0019991,Embedded,19:02,2024-12-30
38.6633659,-90.5771493,Embedded,19:03,2024-12-30
33.1580933,-117.3505939,Embedded,19:03,2024-12-30
33.8291867,-118.3169714,Embedded,19:03,2024-12-30
38.92,-76.99,Embedded,19:03,2024-12-30
37.3229978,-122.0321823,Embedded,19:04,2024-12-30
40.15731479999999,-76.7927481,Embedded,19:04,2024-12-30
39.4632824,-76.1203982,Embedded,19:04,2024-12-30
37.3900264,-122.0812304,Embedded,19:04,2024-12-30
40.7127753,-74.0059728,Embedded,19:05,2024-12-30
29.7600771,-95.37011079999999,Embedded,19:05,2024-12-30
33.8291867,-118.3169714,Embedded,19:05,2024-12-30
40.7607793,-111.8910474,Embedded,19:05,2024-12-30
33.8291867,-118.3169714,Embedded,19:05,2024-12-30
47.6061389,-122.3328481,Embedded,19:06,2024-12-30
40.7470968,-73.4828374,Embedded,19:06,2024-12-30
38.7996136,-77.20889869999999,Embedded,19:06,2024-12-30
33.8291867,-118.3169714,Embedded,19:06,2024-12-30
28.4630493,-81.46085599999999,Embedded,19:06,2024-12-30
36.778261,-119.4179324,Embedded,19:07,2024-12-30
43.6629964,-70.2568775,Embedded,19:07,2024-12-30
36.778261,-119.4179324,Embedded,19:07,2024-12-30
40.0149856,-105.2705456,Embedded,19:07,2024-12-30
37.8271784,-122.2913078,Embedded,19:07,2024-12-30
29.7600771,-95.37011079999999,Embedded,19:07,2024-12-30
41.6742347,-85.7060467,Embedded,19:08,2024-12-30
40.7831814,-96.6370893,Embedded,19:08,2024-12-30
43.6629964,-70.2568775,Embedded,19:08,2024-12-30
40.7127753,-74.0059728,Embedded,19:08,2024-12-30
40.7127753,-74.0059728,Embedded,19:09,2024-12-30
40.440368,-79.9836108,Embedded,19:09,2024-12-30
39.978371,-86.1180435,Embedded,19:09,2024-12-30
26.7056266,-82.1589815,Embedded,19:09,2024-12-30
34.6950842,-86.65103289999999,Embedded,19:09,2024-12-30
33.4160658,-82.13814430000001,Embedded,19:10,2024-12-30
29.7600771,-95.37011079999999,Embedded,19:10,2024-12-30
40.7831814,-96.6370893,Embedded,19:10,2024-12-30
42.4792618,-71.1522765,Embedded,19:10,2024-12-30
37.3229978,-122.0321823,Embedded,19:10,2024-12-30
30.267153,-97.7430608,Embedded,19:11,2024-12-30
42.6182538,-71.2280234,Embedded,19:11,2024-12-30
32.715738,-117.1610838,Embedded,19:11,2024-12-30
32.715738,-117.1610838,Embedded,19:11,2024-12-30
37.3229978,-122.0321823,Embedded,19:11,2024-12-30
32.715738,-117.1610838,Embedded,19:12,2024-12-30
32.715738,-117.1610838,Embedded,19:12,2024-12-30
37.3229978,-122.0321823,Embedded,19:12,2024-12-30
42.3764852,-71.2356113,Embedded,19:12,2024-12-30
30.267153,-97.7430608,Embedded,19:12,2024-12-30
37.3229978,-122.0321823,Embedded,19:12,2024-12-30
32.715738,-117.1610838,Embedded,19:13,2024-12-30
37.3229978,-122.0321823,Embedded,19:13,2024-12-30
34.2570374,-118.4279933,Embedded,19:13,2024-12-30
35.2833293,-80.9760556,Embedded,19:13,2024-12-30
38.9639112,-77.4496269,Embedded,19:13,2024-12-30
38.7945952,-106.5348379,Embedded,19:14,2024-12-30
33.5801103,-85.0766113,Embedded,19:14,2024-12-30
34.4358294,-119.8276389,Embedded,19:14,2024-12-30
37.7749295,-122.4194155,AI,19:16,2024-12-30
40.7127753,-74.0059728,AI,19:16,2024-12-30
38.912068,-77.0190228,AI,19:17,2024-12-30
40.7127753,-74.0059728,AI,19:17,2024-12-30
27.6648274,-81.5157535,AI,19:17,2024-12-30
38.8799697,-77.1067698,AI,19:17,2024-12-30
40.5884373,-73.65790799999999,AI,19:18,2024-12-30
37.33874,-121.8852525,AI,19:18,2024-12-30
39.0437567,-77.4874416,AI,19:18,2024-12-30
21.3098845,-157.8581401,AI,19:18,2024-12-30
30.267153,-97.7430608,AI,19:18,2024-12-30
41.87848510000001,-87.627893,AI,19:19,2024-12-30
37.36883,-122.0363496,AI,19:19,2024-12-30
37.79593620000001,-122.4000032,AI,19:19,2024-12-30
38.9552797,-77.3381855,AI,19:20,2024-12-30
39.2708955,-84.3279093,AI,19:20,2024-12-30
46.729553,-94.6858998,AI,19:20,2024-12-30
40.7127753,-74.0059728,AI,19:20,2024-12-30
39.7541032,-105.0002242,AI,19:20,2024-12-30
37.4418834,-122.1430195,AI,19:20,2024-12-30
34.0549076,-118.242643,AI,19:21,2024-12-30
38.7742151,-77.1887747,AI,19:21,2024-12-30
46.8041643,-100.7877616,AI,19:21,2024-12-30
38.7945952,-106.5348379,AI,19:21,2024-12-30
36.0097372,-80.2878794,AI,19:21,2024-12-30
37.4418834,-122.1430195,AI,19:22,2024-12-30
33.8676889,-84.4645184,AI,19:22,2024-12-30
38.9552797,-77.3381855,AI,19:22,2024-12-30
36.142324,-95.956825,AI,19:22,2024-12-30
36.171563,-115.1391009,AI,19:22,2024-12-30
30.4192451,-91.14489809999999,AI,19:22,2024-12-30
37.36883,-122.0363496,AI,19:23,2024-12-30
47.7510741,-120.7401386,AI,19:23,2024-12-30
21.3098845,-157.8581401,AI,19:23,2024-12-30
35.0498998,-106.4759262,AI,19:23,2024-12-30
30.4635583,-86.5533382,AI,19:23,2024-12-30
33.3312297,-111.642224,AI,19:24,2024-12-30
37.2358078,-121.9623751,AI,19:24,2024-12-30
32.7766642,-96.79698789999999,AI,19:24,2024-12-30
43.0481221,-76.14742439999999,AI,19:24,2024-12-30
47.6101497,-122.2015159,AI,19:24,2024-12-30
44.8835768,-93.1382749,AI,19:25,2024-12-30
42.5159385,-83.53900019999999,AI,19:25,2024-12-30
27.9263478,-82.5131717,AI,19:25,2024-12-30
37.36883,-122.0363496,AI,19:25,2024-12-30
38.5449065,-121.7405167,AI,19:25,2024-12-30
29.7161912,-95.4830243,AI,19:26,2024-12-30
39.6837226,-75.74965720000002,AI,19:26,2024-12-30
39.7392358,-104.990251,AI,19:26,2024-12-30
40.7127753,-74.0059728,AI,19:26,2024-12-30
42.315407,43.35689199999999,AI,19:26,2024-12-30
34.1103407,-118.2585096,AI,19:27,2024-12-30
37.7749295,-122.4194155,AI,19:27,2024-12-30
38.9338676,-77.1772604,AI,19:27,2024-12-30
40.7607793,-111.8910474,AI,19:27,2024-12-30
47.6061389,-122.3328481,AI,19:27,2024-12-30
39.02756,-84.7241133,AI,19:27,2024-12-30
38.9552797,-77.3381855,AI,19:28,2024-12-30
39.1269228,-84.514354,AI,19:28,2024-12-30
38.9071923,-77.0368707,AI,19:28,2024-12-30
44.72178359999999,-123.920113,AI,19:28,2024-12-30
43.3177794,-88.3789862,AI,19:28,2024-12-30
41.87848510000001,-87.627893,AI,19:29,2024-12-30
38.912068,-77.0190228,AI,19:29,2024-12-30
42.9097484,-85.7630885,AI,19:29,2024-12-30
38.912068,-77.0190228,AI,19:29,2024-12-30
47.9536762,-97.1683543,AI,19:29,2024-12-30
33.02,-96.69999999999999,AI,19:30,2024-12-30
40.5184013,-80.1667247,BizOps,19:32,2024-12-30
34.0549076,-118.242643,BizOps,19:32,2024-12-30
38.7450528,-90.724773,BizOps,19:32,2024-12-30
34.2576066,-88.7033859,BizOps,19:32,2024-12-30
32.9654778,-96.8297403,BizOps,19:33,2024-12-30
40.7127753,-74.0059728,BizOps,19:33,2024-12-30
47.6701193,-122.118237,BizOps,19:33,2024-12-30
36.5767092,-86.514572,BizOps,19:33,2024-12-30
32.715738,-117.1610838,BizOps,19:33,2024-12-30
41.0400135,-73.7144477,BizOps,19:34,2024-12-30
37.3229978,-122.0321823,BizOps,19:34,2024-12-30
40.7127753,-74.0059728,BizOps,19:34,2024-12-30
40.7127753,-74.0059728,BizOps,19:34,2024-12-30
37.7911148,-122.4021273,BizOps,19:34,2024-12-30
37.4062237,-122.0781663,BizOps,19:34,2024-12-30
40.7127753,-74.0059728,BizOps,19:35,2024-12-30
47.6101497,-122.2015159,BizOps,19:35,2024-12-30
38.7450528,-90.724773,BizOps,19:35,2024-12-30
38.7450528,-90.724773,BizOps,19:35,2024-12-30
37.7749295,-122.4194155,BizOps,19:35,2024-12-30
33.8508021,-117.7490656,BizOps,19:36,2024-12-30
38.7450528,-90.724773,BizOps,19:36,2024-12-30
39.8137298,-84.05374479999999,BizOps,19:36,2024-12-30
38.7450528,-90.724773,BizOps,19:36,2024-12-30
37.7749295,-122.4194155,BizOps,19:37,2024-12-30
38.7945952,-106.5348379,BizOps,19:37,2024-12-30
38.7945952,-106.5348379,BizOps,19:37,2024-12-30
34.0549076,-118.242643,BizOps,19:37,2024-12-30
40.7127753,-74.0059728,BizOps,19:37,2024-12-30
40.7127753,-74.0059728,BizOps,19:37,2024-12-30
38.7450528,-90.724773,BizOps,19:38,2024-12-30
47.6101497,-122.2015159,BizOps,19:38,2024-12-30
40.7686973,-73.9918181,BizOps,19:38,2024-12-30
38.7450528,-90.724773,BizOps,19:38,2024-12-30
40.7136487,-74.0087126,BizOps,19:39,2024-12-30
40.7127753,-74.0059728,BizOps,19:39,2024-12-30
37.3900264,-122.0812304,BizOps,19:39,2024-12-30
41.1179797,-80.8875121,BizOps,19:39,2024-12-30
32.715738,-117.1610838,BizOps,19:39,2024-12-30
40.7136487,-74.0087126,BizOps,19:39,2024-12-30
40.7519846,-73.9697795,BizOps,19:40,2024-12-30
32.7965165,-96.5608242,BizOps,19:40,2024-12-30
37.7749295,-122.4194155,BizOps,19:40,2024-12-30
38.7450528,-90.724773,BizOps,19:40,2024-12-30
37.33874,-121.8852525,BizOps,19:40,2024-12-30
33.0243206,-96.6745042,BizOps,19:41,2024-12-30
38.7450528,-90.724773,BizOps,19:41,2024-12-30
40.7136487,-74.0087126,BizOps,19:41,2024-12-30
40.7127753,-74.0059728,BizOps,19:41,2024-12-30
37.3900264,-122.0812304,BizOps,19:41,2024-12-30
41.1179797,-80.8875121,BizOps,19:42,2024-12-30
32.715738,-117.1610838,BizOps,19:42,2024-12-30
40.7136487,-74.0087126,BizOps,19:42,2024-12-30
40.1266689,-82.9318807,BizOps,19:42,2024-12-30
40.7519846,-73.9697795,BizOps,19:42,2024-12-30
32.7965165,-96.5608242,BizOps,19:42,2024-12-30
37.7749295,-122.4194155,BizOps,19:43,2024-12-30
38.7450528,-90.724773,BizOps,19:43,2024-12-30
37.33874,-121.8852525,BizOps,19:43,2024-12-30
33.0243206,-96.6745042,BizOps,19:43,2024-12-30
38.9181671,-78.1944446,BizOps,19:43,2024-12-30
47.6061389,-122.3328481,Developer,19:46,2024-12-30
40.6843079,-74.2531465,Developer,19:46,2024-12-30
47.7510741,-120.7401386,Developer,19:46,2024-12-30
33.6803004,-111.8330106,Developer,19:46,2024-12-30
28.7588833,-81.3178446,Developer,19:47,2024-12-30
39.755543,-105.2210997,Developer,19:47,2024-12-30
40.15731479999999,-76.7927481,Developer,19:47,2024-12-30
44.8727363,-93.1478514,Developer,19:48,2024-12-30
28.3887262,-81.4773294,Developer,19:48,2024-12-30
35.4209352,-97.6656625,Developer,19:48,2024-12-30
44.95464399999999,-93.3847969,Developer,19:48,2024-12-30
38.2746047,-76.4458172,Developer,19:48,2024-12-30
35.5927461,-82.5564559,Developer,19:49,2024-12-30
41.88,-87.64,Developer,19:49,2024-12-30
37.7911148,-122.4021273,Developer,19:49,2024-12-30
37.3229978,-122.0321823,Developer,19:50,2024-12-30
40.7136487,-74.0087126,Developer,19:50,2024-12-30
37.7911148,-122.4021273,Developer,19:50,2024-12-30
37.36883,-122.0363496,Developer,19:51,2024-12-30
40.7127753,-74.0059728,Developer,19:51,2024-12-30
38.8716687,-77.11687529999999,Developer,19:51,2024-12-30
41.2661075,-95.93304549999999,Developer,19:51,2024-12-30
43.1054334,-89.42692869999999,Developer,19:51,2024-12-30
37.9642529,-91.8318334,Developer,19:52,2024-12-30
38.2034582,-76.39845369999999,Developer,19:52,2024-12-30
40.04065060000001,-105.2077798,Developer,19:52,2024-12-30
39.6837226,-75.74965720000002,Developer,19:52,2024-12-30
30.3848991,-84.2291968,Developer,19:52,2024-12-30
42.45723100000001,-71.2766852,Developer,19:52,2024-12-30
33.6041944,-117.8738554,Developer,19:53,2024-12-30
38.912068,-77.0190228,Developer,19:53,2024-12-30
33.8363126,-84.38574419999999,Developer,19:54,2024-12-30
33.8363126,-84.38574419999999,Developer,19:54,2024-12-30
37.33874,-121.8852525,Developer,19:54,2024-12-30
39.7845048,-104.9797753,Developer,19:54,2024-12-30
40.8551026,-74.0189208,Developer,19:54,2024-12-30
41.8925085,-87.61616959999999,Developer,19:54,2024-12-30
38.9695545,-77.3860976,Developer,19:55,2024-12-30
38.2586184,-85.5457689,Developer,19:55,2024-12-30
47.6061389,-122.3328481,Developer,19:55,2024-12-30
21.3098845,-157.8581401,Developer,19:55,2024-12-30
37.5071591,-122.2605222,Developer,19:55,2024-12-30
39.8070121,-82.2970941,Developer,19:56,2024-12-30
37.7911148,-122.4021273,Developer,19:56,2024-12-30
33.8363126,-84.38574419999999,Developer,19:56,2024-12-30
26.3683064,-80.1289321,Developer,19:56,2024-12-30
21.3098845,-157.8581401,Developer,19:56,2024-12-30
30.196311,-97.730807,Developer,19:57,2024-12-30
29.3743552,-98.385532,Developer,19:57,2024-12-30
38.9071923,-77.0368707,Developer,19:57,2024-12-30
37.3813444,-122.1802812,Developer,19:57,2024-12-30
40.2338438,-111.6585337,Developer,19:58,2024-12-30
39.0457549,-76.64127119999999,Developer,19:58,2024-12-30
47.6084921,-122.336407,Developer,19:58,2024-12-30
40.7127753,-74.0059728,Developer,19:58,2024-12-30
37.36883,-122.0363496,Developer,19:58,2024-12-30
43.6590993,-70.2568189,Developer,19:59,2024-12-30
37.36883,-122.0363496,Developer,19:59,2024-12-30
38.7742151,-77.1887747,Developer,19:59,2024-12-30
39.0418129,-77.47444209999999,Developer,19:59,2024-12-30
30.267153,-97.7430608,Machine+Learning,20:01,2024-12-30
40.4966567,-74.4442802,Machine+Learning,20:01,2024-12-30
38.912068,-77.0190228,Machine+Learning,20:01,2024-12-30
41.87848510000001,-87.627893,Machine+Learning,20:02,2024-12-30
40.7443091,-73.9418603,Machine+Learning,20:02,2024-12-30
38.8799697,-77.1067698,Machine+Learning,20:02,2024-12-30
18.4153108,-66.0593509,Machine+Learning,20:03,2024-12-30
27.9263478,-82.5131717,Machine+Learning,20:03,2024-12-30
42.315407,43.35689199999999,Machine+Learning,20:03,2024-12-30
47.7510741,-120.7401386,Machine+Learning,20:03,2024-12-30
37.7749295,-122.4194155,Machine+Learning,20:03,2024-12-30
21.3098845,-157.8581401,Machine+Learning,20:04,2024-12-30
41.7658043,-72.6733723,Machine+Learning,20:04,2024-12-30
37.4529598,-122.1817252,Machine+Learning,20:04,2024-12-30
40.7443091,-73.9418603,Machine+Learning,20:04,2024-12-30
40.6331249,-89.3985283,Machine+Learning,20:04,2024-12-30
39.6837226,-75.74965720000002,Machine+Learning,20:04,2024-12-30
36.778261,-119.4179324,Machine+Learning,20:05,2024-12-30
41.8929153,-87.63591249999999,Machine+Learning,20:05,2024-12-30
40.7607793,-111.8910474,Machine+Learning,20:05,2024-12-30
40.7127753,-74.0059728,Machine+Learning,20:05,2024-12-30
42.347372,-71.53678599999999,Machine+Learning,20:06,2024-12-30
38.7945952,-106.5348379,Machine+Learning,20:06,2024-12-30
30.4635583,-86.5533382,Machine+Learning,20:06,2024-12-30
37.33874,-121.8852525,Machine+Learning,20:06,2024-12-30
37.4529598,-122.1817252,Machine+Learning,20:06,2024-12-30
40.5884373,-73.65790799999999,Machine+Learning,20:07,2024-12-30
40.7127753,-74.0059728,Machine+Learning,20:07,2024-12-30
37.4529598,-122.1817252,Machine+Learning,20:07,2024-12-30
39.1202934,-76.77693239999999,Machine+Learning,20:07,2024-12-30
40.7127753,-74.0059728,Machine+Learning,20:07,2024-12-30
36.3840171,-94.21283369999999,Machine+Learning,20:08,2024-12-30
41.7658043,-72.6733723,Machine+Learning,20:08,2024-12-30
34.0126379,-118.495155,Machine+Learning,20:08,2024-12-30
37.4529598,-122.1817252,Machine+Learning,20:08,2024-12-30
30.4635583,-86.5533382,Machine+Learning,20:08,2024-12-30
37.79593620000001,-122.4000032,Machine+Learning,20:08,2024-12-30
33.7501275,-84.3885209,Machine+Learning,20:09,2024-12-30
37.7749295,-122.4194155,Machine+Learning,20:09,2024-12-30
33.8676889,-84.4645184,Machine+Learning,20:09,2024-12-30
29.4687013,-98.6215649,Machine+Learning,20:09,2024-12-30
38.5449065,-121.7405167,Machine+Learning,20:09,2024-12-30
47.6061389,-122.3328481,Machine+Learning,20:10,2024-12-30
40.7127753,-74.0059728,Machine+Learning,20:10,2024-12-30
42.36475590000001,-71.1032591,Machine+Learning,20:10,2024-12-30
35.0843859,-106.650422,Machine+Learning,20:10,2024-12-30
41.0411194,-73.541744,Machine+Learning,20:10,2024-12-30
43.4896557,-96.6958939,Machine+Learning,20:11,2024-12-30
41.7658043,-72.6733723,Machine+Learning,20:11,2024-12-30
40.8551026,-74.0189208,Machine+Learning,20:11,2024-12-30
37.4529598,-122.1817252,Machine+Learning,20:11,2024-12-30
29.4687013,-98.6215649,Machine+Learning,20:11,2024-12-30
29.4687013,-98.6215649,Machine+Learning,20:12,2024-12-30
27.6648274,-81.5157535,Machine+Learning,20:12,2024-12-30
38.9187222,-77.2310925,Machine+Learning,20:12,2024-12-30
33.02,-96.69999999999999,Machine+Learning,20:12,2024-12-30
29.4687013,-98.6215649,Machine+Learning,20:13,2024-12-30
29.7600771,-95.37011079999999,Machine+Learning,20:13,2024-12-30
35.7595731,-79.01929969999999,Machine+Learning,20:13,2024-12-30
32.1574351,-82.90712300000001,Machine+Learning,20:14,2024-12-30
41.8781136,-87.6297982,Machine+Learning,20:14,2024-12-30
40.2201787,-74.7642295,Machine+Learning,20:14,2024-12-30
40.7443091,-73.9418603,Machine+Learning,20:14,2024-12-30
47.6061389,-122.3328481,Machine+Learning,20:14,2024-12-30
41.8781136,-87.6297982,Machine+Learning,20:15,2024-12-30
47.6061389,-122.3328481,Machine+Learning,20:15,2024-12-30
40.7127753,-74.0059728,Machine+Learning,20:15,2024-12-30
45.253783,-69.4454689,Data+Analyst,20:17,2024-12-30
32.9445682,-87.1386067,Data+Analyst,20:17,2024-12-30
43.1054334,-89.42692869999999,Data+Analyst,20:17,2024-12-30
39.0445535,-77.11886779999999,Data+Analyst,20:18,2024-12-30
39.0826135,-74.82377860000001,Data+Analyst,20:18,2024-12-30
30.4862944,-87.19213599999999,Data+Analyst,20:18,2024-12-30
40.7074754,-112.1191757,Data+Analyst,20:18,2024-12-30
33.7501275,-84.3885209,Data+Analyst,20:18,2024-12-30
39.1269228,-84.514354,Data+Analyst,20:19,2024-12-30
40.6331249,-89.3985283,Data+Analyst,20:19,2024-12-30
41.8781136,-87.6297982,Data+Analyst,20:19,2024-12-30
34.4400287,-118.5914696,Data+Analyst,20:19,2024-12-30
40.74727,-73.9800645,Data+Analyst,20:19,2024-12-30
37.9642529,-91.8318334,Data+Analyst,20:19,2024-12-30
42.3548561,-71.0661193,Data+Analyst,20:20,2024-12-30
38.8951008,-77.0251409,Data+Analyst,20:20,2024-12-30
43.0282084,-89.5214505,Data+Analyst,20:20,2024-12-30
18.4153108,-66.0593509,Data+Analyst,20:20,2024-12-30
38.7945952,-106.5348379,Data+Analyst,20:21,2024-12-30
38.8942786,-77.43109919999999,Data+Analyst,20:21,2024-12-30
39.529919,-119.8142691,Data+Analyst,20:21,2024-12-30
34.15854789999999,-80.8875861,Data+Analyst,20:21,2024-12-30
41.8781136,-87.6297982,Data+Analyst,20:22,2024-12-30
34.0741548,-118.3724915,Data+Analyst,20:22,2024-12-30
39.1775031,-94.61301209999999,Data+Analyst,20:22,2024-12-30
39.7483314,-75.5460335,Data+Analyst,20:22,2024-12-30
36.1523805,-86.7893889,Data+Analyst,20:22,2024-12-30
41.68061,-93.72320049999999,Data+Analyst,20:22,2024-12-30
43.7600155,-84.2278796,Data+Analyst,20:23,2024-12-30
36.1523805,-86.7893889,Data+Analyst,20:23,2024-12-30
29.7246822,-95.5564777,Data+Analyst,20:23,2024-12-30
47.6061389,-122.3328481,Data+Analyst,20:23,2024-12-30
42.6064095,-83.1497751,Data+Analyst,20:23,2024-12-30
44.82511600000001,-93.3439291,Data+Analyst,20:23,2024-12-30
39.82640809999999,-89.6157473,Data+Analyst,20:24,2024-12-30
39.78172130000001,-89.6501481,Data+Analyst,20:24,2024-12-30
36.6777372,-121.6555013,Data+Analyst,20:24,2024-12-30
38.2975381,-122.286865,Data+Analyst,20:24,2024-12-30
30.3674198,-89.0928155,Data+Analyst,20:24,2024-12-30
25.6624457,-80.3547286,Data+Analyst,20:24,2024-12-30
41.8380136,-71.4358733,Data+Analyst,20:25,2024-12-30
40.5889664,-105.1375908,Data+Analyst,20:25,2024-12-30
38.7945952,-106.5348379,Data+Analyst,20:25,2024-12-30
35.7744301,-78.6313624,Data+Analyst,20:25,2024-12-30
35.7744301,-78.6313624,Data+Analyst,20:25,2024-12-30
46.8771863,-96.7898034,Data+Analyst,20:26,2024-12-30
39.8913306,-75.1632937,Data+Analyst,20:26,2024-12-30
33.5178769,-86.8094808,Data+Analyst,20:26,2024-12-30
39.6527963,-79.9472502,Data+Analyst,20:26,2024-12-30
35.7795897,-78.6381787,Data+Analyst,20:26,2024-12-30
32.3792233,-86.3077368,Data+Analyst,20:27,2024-12-30
35.7846006,-80.8883291,Data+Analyst,20:27,2024-12-30
38.8048355,-77.0469214,Data+Analyst,20:27,2024-12-30
34.76242939999999,-86.6913222,Data+Analyst,20:27,2024-12-30
40.1296424,-83.025396,Data+Analyst,20:27,2024-12-30
47.6061389,-122.3328481,Data+Analyst,20:28,2024-12-30
40.5206198,-81.4740054,Data+Analyst,20:28,2024-12-30
39.7589478,-84.1916069,Data+Analyst,20:28,2024-12-30
25.7616798,-80.1917902,Data+Analyst,20:28,2024-12-30
36.1523805,-86.7893889,Data+Analyst,20:28,2024-12-30
39.89761,-86.1840193,Data+Analyst,20:29,2024-12-30
47.6384586,-122.3674079,Data+Analyst,20:29,2024-12-30
33.9191799,-118.4164652,Data+Analyst,20:29,2024-12-30
33.7717008,-84.3726049,Data+Analyst,20:29,2024-12-30
32.2539787,-110.9741769,Data+Analyst,20:29,2024-12-30
42.3028239,-71.1864397,Data+Analyst,20:29,2024-12-30
39.1910983,-106.8175387,Data+Analyst,20:30,2024-12-30
29.7600771,-95.37011079999999,Data+Analyst,20:30,2024-12-30
42.3600825,-71.0588801,Data+Analyst,20:30,2024-12-30
44.9754804,-93.269686,Data+Analyst,20:30,2024-12-30
43.3104064,-70.99034379999999,Data+Analyst,20:30,2024-12-30
32.7359626,-96.2752569,Data+Analyst,20:30,2024-12-30
43.4233213,-112.0143728,Robotic,20:32,2024-12-30
26.8598894,-80.08701549999999,Robotic,20:32,2024-12-30
36.9741171,-122.0307963,Robotic,20:33,2024-12-30
42.94523969999999,-88.406454,Robotic,20:33,2024-12-30
41.87848510000001,-87.627893,Robotic,20:33,2024-12-30
46.729553,-94.6858998,Robotic,20:33,2024-12-30
27.4011673,-82.3994214,Robotic,20:33,2024-12-30
32.7766642,-96.79698789999999,Robotic,20:33,2024-12-30
29.7600771,-95.37011079999999,Robotic,20:34,2024-12-30
37.7478572,-84.2946539,Robotic,20:34,2024-12-30
32.5093109,-92.1193012,Robotic,20:34,2024-12-30
36.7569994,-90.392888,Robotic,20:34,2024-12-30
30.24567279999999,-97.76883579999999,Robotic,20:34,2024-12-30
29.7600771,-95.37011079999999,Robotic,20:34,2024-12-30
47.4116866,-122.245159,Robotic,20:35,2024-12-30
40.0149856,-105.2705456,Robotic,20:35,2024-12-30
41.6948876,-88.08030509999999,Robotic,20:35,2024-12-30
42.3410008,-89.0847949,Robotic,20:35,2024-12-30
33.1376528,-96.85654269999999,Robotic,20:35,2024-12-30
41.6948876,-88.08030509999999,Robotic,20:36,2024-12-30
37.7749295,-122.4194155,Robotic,20:36,2024-12-30
43.4233213,-112.0143728,Robotic,20:36,2024-12-30
37.3813444,-122.1802812,Robotic,20:36,2024-12-30
40.7235275,-74.197388,Robotic,20:36,2024-12-30
44.8594192,-91.50150090000001,Robotic,20:36,2024-12-30
38.9647235,-94.7381013,Robotic,20:37,2024-12-30
27.4011673,-82.3994214,Robotic,20:37,2024-12-30
41.8703314,-87.62357420000001,Robotic,20:37,2024-12-30
39.6890209,-86.5230792,Robotic,20:37,2024-12-30
42.9746138,-88.099845,Robotic,20:37,2024-12-30
42.9746138,-88.099845,Robotic,20:38,2024-12-30
33.4154744,-117.5848025,Robotic,20:38,2024-12-30
30.24567279999999,-97.76883579999999,Robotic,20:38,2024-12-30
34.0232431,-84.3615555,Robotic,20:38,2024-12-30
40.782392,-74.0711359,Robotic,20:38,2024-12-30
30.1902067,-98.0866781,Robotic,20:38,2024-12-30
45.5299324,-122.399317,Robotic,20:39,2024-12-30
39.9525839,-75.1652215,Robotic,20:39,2024-12-30
41.6948876,-88.08030509999999,Robotic,20:39,2024-12-30
28.4055091,-81.2849169,Robotic,20:39,2024-12-30
30.5327462,-87.2120599,Robotic,20:39,2024-12-30
37.5044419,-77.46446069999999,Robotic,20:39,2024-12-30
44.7893446,-93.60183889999999,Robotic,20:40,2024-12-30
43.8231096,-111.7924237,Robotic,20:40,2024-12-30
30.0141064,-95.6668306,Robotic,20:40,2024-12-30
29.6451457,-98.47327179999999,Robotic,20:40,2024-12-30
41.3747744,-83.6513229,Robotic,20:40,2024-12-30
44.0553908,-91.6663523,Robotic,20:40,2024-12-30
29.6451457,-98.47327179999999,Robotic,20:41,2024-12-30
44.8594192,-91.50150090000001,Robotic,20:41,2024-12-30
39.4835647,-119.7310213,Robotic,20:41,2024-12-30
39.7883044,-84.1593413,Robotic,20:41,2024-12-30
35.9536716,-83.9281092,Robotic,20:41,2024-12-30
34.1366259,-118.3987842,Robotic,20:41,2024-12-30
29.5068008,-98.56660769999999,Robotic,20:42,2024-12-30
36.1104125,-115.2067011,Robotic,20:42,2024-12-30
41.6948876,-88.08030509999999,Robotic,20:42,2024-12-30
28.4630493,-81.46085599999999,Robotic,20:42,2024-12-30
32.5093109,-92.1193012,Robotic,20:42,2024-12-30
37.6284406,-77.5447454,Robotic,20:43,2024-12-30
37.6284406,-77.5447454,Robotic,20:43,2024-12-30
43.4233213,-112.0143728,Robotic,20:43,2024-12-30
37.6284406,-77.5447454,Robotic,20:43,2024-12-30
41.6948876,-88.08030509999999,Robotic,20:43,2024-12-30
34.9515959,-81.9327167,Robotic,20:44,2024-12-30
41.03398620000001,-73.7629097,Robotic,20:44,2024-12-30
29.6451457,-98.47327179999999,Robotic,20:44,2024-12-30
36.9741171,-122.0307963,Robotic,20:44,2024-12-30
37.7645505,-97.27607599999999,Robotic,20:44,2024-12-30
42.3151209,-84.375233,Robotic,20:44,2024-12-30
42.65,-73.75999999999999,Robotic,20:45,2024-12-30
37.5843082,-77.57340479999999,Robotic,20:45,2024-12-30
33.9698809,-84.22147059999999,Robotic,20:45,2024-12-30
29.5068008,-98.56660769999999,Robotic,20:45,2024-12-30
32.5093109,-92.1193012,Robotic,20:45,2024-12-30
38.9695545,-77.3860976,Cloud,20:47,2024-12-30
26.1224386,-80.13731740000001,Cloud,20:47,2024-12-30
40.7606608,-111.8939487,Cloud,20:47,2024-12-30
38.984652,-77.0947092,Cloud,20:48,2024-12-30
42.45723100000001,-71.2766852,Cloud,20:48,2024-12-30
36.778261,-119.4179324,Cloud,20:48,2024-12-30
39.0445535,-77.11886779999999,Cloud,20:48,2024-12-30
29.7600771,-95.37011079999999,Cloud,20:48,2024-12-30
40.7136487,-74.0087126,Cloud,20:48,2024-12-30
38.8942786,-77.43109919999999,Cloud,20:49,2024-12-30
47.6061389,-122.3328481,Cloud,20:49,2024-12-30
38.8942786,-77.43109919999999,Cloud,20:49,2024-12-30
37.5407246,-77.4360481,Cloud,20:49,2024-12-30
41.5623209,-72.6506488,Cloud,20:49,2024-12-30
36.778261,-119.4179324,Cloud,20:50,2024-12-30
42.331427,-83.0457538,Cloud,20:50,2024-12-30
47.7510741,-120.7401386,Cloud,20:50,2024-12-30
40.2338438,-111.6585337,Cloud,20:50,2024-12-30
41.0411194,-73.541744,Cloud,20:50,2024-12-30
40.44062479999999,-79.9958864,Cloud,20:50,2024-12-30
33.6845673,-117.8265049,Cloud,20:51,2024-12-30
34.0753762,-84.2940899,Cloud,20:51,2024-12-30
38.9695545,-77.3860976,Cloud,20:51,2024-12-30
35.2326781,-80.8460822,Cloud,20:52,2024-12-30
40.7127753,-74.0059728,Cloud,20:52,2024-12-30
34.4400287,-118.5914696,Cloud,20:52,2024-12-30
38.8799697,-77.1067698,Cloud,20:53,2024-12-30
40.559401,-111.9403254,Cloud,20:53,2024-12-30
29.4651184,-98.6765618,Cloud,20:53,2024-12-30
47.6701193,-122.118237,Cloud,20:53,2024-12-30
37.3813444,-122.1802812,Cloud,20:53,2024-12-30
37.5071591,-122.2605222,Cloud,20:54,2024-12-30
38.8942786,-77.43109919999999,Cloud,20:54,2024-12-30
37.4418834,-122.1430195,Cloud,20:55,2024-12-30
32.8721517,-96.99609249999999,Cloud,20:55,2024-12-30
41.8925085,-87.61616959999999,Cloud,20:55,2024-12-30
38.7945952,-106.5348379,Cloud,20:55,2024-12-30
35.1428747,-90.0523125,Cloud,20:55,2024-12-30
29.4687013,-98.6215649,Cloud,20:56,2024-12-30
39.7294319,-104.8319195,Cloud,20:56,2024-12-30
40.6331249,-89.3985283,Cloud,20:56,2024-12-30
42.5988654,-82.8802133,Cloud,20:56,2024-12-30
47.6061389,-122.3328481,Cloud,20:56,2024-12-30
47.6061389,-122.3328481,Cloud,20:56,2024-12-30
39.6837226,-75.74965720000002,Cloud,20:57,2024-12-30
47.6061389,-122.3328481,Cloud,20:57,2024-12-30
44.95464399999999,-93.3847969,Cloud,20:57,2024-12-30
40.7282239,-73.7948516,Cloud,20:57,2024-12-30
32.9678449,-96.8887202,Cloud,20:57,2024-12-30
39.7541032,-105.0002242,Cloud,20:58,2024-12-30
37.7890183,-122.3915063,Cloud,20:58,2024-12-30
42.315407,43.35689199999999,Cloud,20:58,2024-12-30
47.6061389,-122.3328481,Cloud,20:58,2024-12-30
39.9531865,-75.1749671,Cloud,20:58,2024-12-30
40.7607793,-111.8910474,Cloud,20:59,2024-12-30
39.6631609,-104.8279512,Cloud,20:59,2024-12-30
33.9191799,-118.4164652,Cloud,20:59,2024-12-30
43.0717382,-88.099845,Cloud,20:59,2024-12-30
34.0653347,-118.243891,Cloud,20:59,2024-12-30
48.7562157,-122.4894588,Cloud,20:59,2024-12-30
40.497604,-74.48848679999999,Cloud,21:00,2024-12-30
41.7658043,-72.6733723,Cloud,21:00,2024-12-30
40.2338438,-111.6585337,Cloud,21:00,2024-12-30
33.8232001,-118.2585096,Cloud,21:00,2024-12-30
29.4687013,-98.6215649,Cloud,21:01,2024-12-30
43.0717382,-88.099845,DevOps,21:02,2024-12-30
43.1054334,-89.42692869999999,DevOps,21:03,2024-12-30
33.0787152,-96.8083063,DevOps,21:03,2024-12-30
37.7909427,-122.4084994,DevOps,21:03,2024-12-30
41.8929153,-87.63591249999999,DevOps,21:03,2024-12-30
38.8942786,-77.43109919999999,DevOps,21:03,2024-12-30
35.2326781,-80.8460822,DevOps,21:04,2024-12-30
30.2573497,-97.86127669999999,DevOps,21:04,2024-12-30
33.665242,-117.7490656,DevOps,21:04,2024-12-30
38.8845126,-77.0938583,DevOps,21:04,2024-12-30
29.4687013,-98.6215649,DevOps,21:04,2024-12-30
38.9784453,-76.4921829,DevOps,21:05,2024-12-30
42.45723100000001,-71.2766852,DevOps,21:05,2024-12-30
29.4687013,-98.6215649,DevOps,21:05,2024-12-30
29.7600771,-95.37011079999999,DevOps,21:05,2024-12-30
35.1428747,-90.0523125,DevOps,21:06,2024-12-30
40.7602619,-73.9932872,DevOps,21:06,2024-12-30
40.716828,-74.0375011,DevOps,21:06,2024-12-30
38.9071923,-77.0368707,DevOps,21:06,2024-12-30
39.7542465,-104.7871004,DevOps,21:07,2024-12-30
37.33874,-121.8852525,DevOps,21:07,2024-12-30
41.0322939,-73.7683784,DevOps,21:07,2024-12-30
39.0994223,-104.8337879,DevOps,21:07,2024-12-30
43.6629964,-70.2568775,DevOps,21:07,2024-12-30
38.8338816,-104.8213634,DevOps,21:07,2024-12-30
39.1202934,-76.77693239999999,DevOps,21:08,2024-12-30
33.4255104,-111.9400054,DevOps,21:08,2024-12-30
45.515232,-122.6783853,DevOps,21:08,2024-12-30
37.33874,-121.8852525,DevOps,21:08,2024-12-30
29.3801069,-98.56660769999999,DevOps,21:08,2024-12-30
38.8942786,-77.43109919999999,DevOps,21:09,2024-12-30
36.1523805,-86.7893889,DevOps,21:09,2024-12-30
36.1523805,-86.7893889,DevOps,21:09,2024-12-30
39.0066993,-77.4291298,DevOps,21:09,2024-12-30
38.8845126,-77.0938583,DevOps,21:09,2024-12-30
39.9868904,-75.4007058,DevOps,21:09,2024-12-30
38.8922092,-77.070837,DevOps,21:10,2024-12-30
33.9253024,-84.38574419999999,DevOps,21:10,2024-12-30
34.7364493,-86.5501654,DevOps,21:10,2024-12-30
39.0083306,-77.09637599999999,DevOps,21:10,2024-12-30
38.8922092,-77.070837,DevOps,21:10,2024-12-30
40.7136487,-74.0087126,DevOps,21:11,2024-12-30
32.9200304,-96.84046,DevOps,21:11,2024-12-30
40.2201787,-74.7642295,DevOps,21:11,2024-12-30
32.8532871,-96.8297403,DevOps,21:11,2024-12-30
44.9428975,-123.0350963,DevOps,21:11,2024-12-30
42.12922409999999,-80.085059,DevOps,21:11,2024-12-30
38.847753,-77.01254449999999,DevOps,21:12,2024-12-30
32.8140177,-96.9488945,DevOps,21:12,2024-12-30
26.3767589,-80.1037721,DevOps,21:12,2024-12-30
37.7749295,-122.4194155,DevOps,21:12,2024-12-30
38.9639112,-77.4496269,DevOps,21:12,2024-12-30
30.3848991,-84.2291968,DevOps,21:13,2024-12-30
30.3848991,-84.2291968,DevOps,21:13,2024-12-30
29.4251905,-98.4945922,DevOps,21:13,2024-12-30
33.959453,-117.7256083,DevOps,21:13,2024-12-30
38.9639112,-77.4496269,DevOps,21:13,2024-12-30
32.9005121,-96.78687939999999,DevOps,21:13,2024-12-30
47.5105794,-122.1909906,DevOps,21:14,2024-12-30
28.5950986,-81.3509416,DevOps,21:14,2024-12-30
31.9685988,-99.9018131,DevOps,21:14,2024-12-30
40.6702217,-74.4273911,DevOps,21:14,2024-12-30
32.8296623,-96.8511814,DevOps,21:14,2024-12-30
47.583863,-122.3406748,DevOps,21:15,2024-12-30
40.6702217,-74.4273911,DevOps,21:15,2024-12-30
33.7501275,-84.3885209,DevOps,21:15,2024-12-30
32.9476462,-117.2418114,DevOps,21:15,2024-12-30
35.4900741,-97.51930929999999,DevOps,21:16,2024-12-30
39.1202934,-76.77693239999999,DevOps,21:16,2024-12-30
36.778261,-119.4179324,Data+Science,21:18,2024-12-30
38.9071923,-77.0368707,Data+Science,21:18,2024-12-30
38.8048355,-77.0469214,Data+Science,21:18,2024-12-30
40.7074754,-112.1191757,Data+Science,21:18,2024-12-30
40.7607793,-111.8910474,Data+Science,21:18,2024-12-30
41.7658043,-72.6733723,Data+Science,21:19,2024-12-30
30.4862944,-87.19213599999999,Data+Science,21:19,2024-12-30
42.358158,-71.0585053,Data+Science,21:19,2024-12-30
37.4529598,-122.1817252,Data+Science,21:19,2024-12-30
39.5835785,-104.8571368,Data+Science,21:19,2024-12-30
30.267153,-97.7430608,Data+Science,21:20,2024-12-30
40.7127753,-74.0059728,Data+Science,21:20,2024-12-30
38.9552797,-77.3381855,Data+Science,21:20,2024-12-30
33.7501275,-84.3885209,Data+Science,21:20,2024-12-30
39.6837226,-75.74965720000002,Data+Science,21:20,2024-12-30
41.7658043,-72.6733723,Data+Science,21:21,2024-12-30
44.5588028,-72.57784149999999,Data+Science,21:21,2024-12-30
41.9720763,-88.02163340000001,Data+Science,21:21,2024-12-30
21.3098845,-157.8581401,Data+Science,21:21,2024-12-30
41.7671423,-72.6912425,Data+Science,21:21,2024-12-30
42.65,-73.75999999999999,Data+Science,21:22,2024-12-30
40.3503931,-74.6571416,Data+Science,21:22,2024-12-30
30.4635583,-86.5533382,Data+Science,21:22,2024-12-30
34.0126379,-118.495155,Data+Science,21:22,2024-12-30
29.7050857,-95.40180869999999,Data+Science,21:22,2024-12-30
36.1523805,-86.7893889,Data+Science,21:23,2024-12-30
47.6061389,-122.3328481,Data+Science,21:23,2024-12-30
38.912068,-77.0190228,Data+Science,21:23,2024-12-30
38.7945952,-106.5348379,Data+Science,21:23,2024-12-30
36.3723561,-94.21021410000002,Data+Science,21:23,2024-12-30
37.4529598,-122.1817252,Data+Science,21:24,2024-12-30
38.7945952,-106.5348379,Data+Science,21:24,2024-12-30
21.3098845,-157.8581401,Data+Science,21:24,2024-12-30
39.7483314,-75.5460335,Data+Science,21:24,2024-12-30
39.1202934,-76.77693239999999,Data+Science,21:24,2024-12-30
41.7658043,-72.6733723,Data+Science,21:25,2024-12-30
40.7443091,-73.9418603,Data+Science,21:25,2024-12-30
39.9124698,-86.1364957,Data+Science,21:25,2024-12-30
37.8646149,-122.2341905,Data+Science,21:25,2024-12-30
33.7501275,-84.3885209,Data+Science,21:25,2024-12-30
45.515232,-122.6783853,Data+Science,21:26,2024-12-30
38.8799697,-77.1067698,Data+Science,21:26,2024-12-30
44.5588028,-72.57784149999999,Data+Science,21:26,2024-12-30
41.2928979,-73.48872879999999,Data+Science,21:26,2024-12-30
41.8929153,-87.63591249999999,Data+Science,21:26,2024-12-30
35.7846006,-80.8883291,Data+Science,21:27,2024-12-30
33.8676889,-84.4645184,Data+Science,21:27,2024-12-30
44.5588028,-72.57784149999999,Data+Science,21:27,2024-12-30
38.7945952,-106.5348379,Data+Science,21:27,2024-12-30
39.2051077,-76.6527456,Data+Science,21:28,2024-12-30
47.6384586,-122.3674079,Data+Science,21:28,2024-12-30
37.4529598,-122.1817252,Data+Science,21:28,2024-12-30
33.5178769,-86.8094808,Data+Science,21:28,2024-12-30
44.9754804,-93.269686,Data+Science,21:28,2024-12-30
40.4966567,-74.4442802,Data+Science,21:29,2024-12-30
32.7359626,-96.2752569,Data+Science,21:29,2024-12-30
41.8781136,-87.6297982,Data+Science,21:29,2024-12-30
44.8087611,-91.4386366,Data+Science,21:29,2024-12-30
42.3517272,-71.0408624,Data+Science,21:29,2024-12-30
43.6629964,-70.2568775,Data+Science,21:30,2024-12-30
25.7616798,-80.1917902,Data+Science,21:30,2024-12-30
42.315407,43.35689199999999,Data+Science,21:30,2024-12-30
39.9531865,-75.1749671,Data+Science,21:31,2024-12-30
33.9488147,-84.53794549999999,Data+Science,21:31,2024-12-30
40.6331249,-89.3985283,Data+Science,21:31,2024-12-30
29.752554,-95.37040089999999,Data+Science,21:31,2024-12-30
29.7050857,-95.40180869999999,Data+Science,21:31,2024-12-30
34.0549076,-118.242643,Software,01:46,2024-12-31
33.7168761,-117.9600466,Software,01:46,2024-12-31
43.0833196,-89.3724769,Software,01:47,2024-12-31
38.7945952,-106.5348379,Software,01:47,2024-12-31
39.1202934,-76.77693239999999,Software,01:47,2024-12-31
39.1202934,-76.77693239999999,Software,01:48,2024-12-31
39.3943253,-74.55947789999999,Software,01:48,2024-12-31
35.3840424,-92.2160457,Software,01:48,2024-12-31
42.353068,-71.0765188,Software,01:49,2024-12-31
30.1902067,-98.0866781,Software,01:49,2024-12-31
33.7501275,-84.3885209,Software,01:49,2024-12-31
34.1477849,-118.1445155,Software,01:49,2024-12-31
27.7671271,-82.6384451,Software,01:49,2024-12-31
41.8781136,-87.6297982,Software,01:50,2024-12-31
35.1543524,-89.9206512,Software,01:50,2024-12-31
27.905178,-82.7158302,Software,01:50,2024-12-31
38.7945952,-106.5348379,Software,01:50,2024-12-31
42.5496035,-83.11127979999999,Software,01:51,2024-12-31
41.8809155,-87.6254251,Software,01:51,2024-12-31
38.9867355,-77.5340315,Software,01:51,2024-12-31
39.1202934,-76.77693239999999,Software,01:52,2024-12-31
39.1202934,-76.77693239999999,Software,01:52,2024-12-31
33.6301328,-117.8721676,Software,01:52,2024-12-31
32.8959754,-97.3624598,Software,01:52,2024-12-31
28.01574,-82.5510469,Software,01:53,2024-12-31
39.2724771,-76.745195,Software,01:53,2024-12-31
34.0549076,-118.242643,Software,01:53,2024-12-31
40.9479587,-74.5521869,Software,01:54,2024-12-31
29.4251905,-98.4945922,Software,01:54,2024-12-31
38.912068,-77.0190228,Software,01:54,2024-12-31
40.0149856,-105.2705456,Software,01:54,2024-12-31
30.3415589,-97.75495459999999,Software,01:54,2024-12-31
40.2926016,-79.99759159999999,Software,01:55,2024-12-31
38.9639112,-77.4496269,Software,01:55,2024-12-31
33.7501275,-84.3885209,Software,01:55,2024-12-31
41.8703314,-87.62357420000001,Software,01:55,2024-12-31
39.1202934,-76.77693239999999,Software,01:55,2024-12-31
38.7040514,-77.1600201,Software,01:56,2024-12-31
47.6139314,-122.3164334,Software,01:56,2024-12-31
43.0717382,-88.099845,Software,01:56,2024-12-31
33.4660406,-112.0118669,Software,01:56,2024-12-31
37.36883,-122.0363496,Software,01:57,2024-12-31
40.7443091,-73.9418603,Software,01:57,2024-12-31
31.9685988,-99.9018131,Software,01:57,2024-12-31
43.0717382,-88.099845,Software,01:57,2024-12-31
38.7040514,-77.1600201,Software,01:57,2024-12-31
33.9191799,-118.4164652,Software,01:58,2024-12-31
29.5930195,-98.478759,Software,01:58,2024-12-31
38.8951008,-77.0251409,Software,01:58,2024-12-31
33.2664407,-111.8210866,Software,01:58,2024-12-31
32.9483335,-96.7298519,Software,01:58,2024-12-31
31.58887099999999,-110.2117373,Software,01:58,2024-12-31
39.7392358,-104.990251,Software,01:59,2024-12-31
40.497604,-74.48848679999999,Software,01:59,2024-12-31
39.1202934,-76.77693239999999,Software,01:59,2024-12-31
39.327962,-120.1832533,Software,01:59,2024-12-31
39.3425174,-77.3668965,Software,01:59,2024-12-31
37.3986039,-121.9643745,Embedded,02:01,2024-12-31
26.6771746,-81.8934484,Embedded,02:01,2024-12-31
35.3898417,-80.5216184,Embedded,02:02,2024-12-31
29.752554,-95.37040089999999,Embedded,02:02,2024-12-31
38.3312379,-77.0510857,Embedded,02:02,2024-12-31
37.3986039,-121.9643745,Embedded,02:02,2024-12-31
26.6771746,-81.8934484,Embedded,02:02,2024-12-31
33.7415317,-118.1941785,Embedded,02:03,2024-12-31
37.4315734,-78.6568942,Embedded,02:03,2024-12-31
26.6771746,-81.8934484,Embedded,02:03,2024-12-31
37.0441957,-113.5490415,Embedded,02:03,2024-12-31
38.65788,-90.2854839,Embedded,02:03,2024-12-31
38.88,-76.85,Embedded,02:03,2024-12-31
38.88,-76.85,Embedded,02:04,2024-12-31
39.3943253,-74.55947789999999,Embedded,02:04,2024-12-31
32.8140177,-96.9488945,Embedded,02:04,2024-12-31
39.4850848,-80.1425781,Embedded,02:04,2024-12-31
31.7618778,-106.4850217,Embedded,02:04,2024-12-31
42.1841964,-71.13296849999999,Embedded,02:04,2024-12-31
40.44062479999999,-79.9958864,Embedded,02:05,2024-12-31
38.92,-76.99,Embedded,02:05,2024-12-31
47.6701193,-122.118237,Embedded,02:05,2024-12-31
42.1250929,-72.749538,Embedded,02:06,2024-12-31
40.7607793,-111.8910474,Embedded,02:06,2024-12-31
47.6061389,-122.3328481,Embedded,02:06,2024-12-31
29.7600771,-95.37011079999999,Embedded,02:06,2024-12-31
33.9522626,-117.6493515,Embedded,02:06,2024-12-31
33.1580933,-117.3505939,Embedded,02:07,2024-12-31
38.3312379,-77.0510857,Embedded,02:07,2024-12-31
32.3035838,-106.6055534,Embedded,02:07,2024-12-31
39.4632824,-76.1203982,Embedded,02:07,2024-12-31
37.3813444,-122.1802812,Embedded,02:07,2024-12-31
40.15731479999999,-76.7927481,Embedded,02:07,2024-12-31
42.9901899,-71.4625883,Embedded,02:08,2024-12-31
33.1580933,-117.3505939,Embedded,02:08,2024-12-31
40.7136487,-74.0087126,Embedded,02:08,2024-12-31
46.4040971,-117.0019991,Embedded,02:08,2024-12-31
37.4062237,-122.0781663,Embedded,02:08,2024-12-31
40.7127753,-74.0059728,Embedded,02:09,2024-12-31
33.8291867,-118.3169714,Embedded,02:09,2024-12-31
42.9901899,-71.4625883,Embedded,02:09,2024-12-31
40.7127753,-74.0059728,Embedded,02:09,2024-12-31
34.15854789999999,-80.8875861,Embedded,02:09,2024-12-31
42.9901899,-71.4625883,Embedded,02:10,2024-12-31
38.26435780000001,-85.69997889999999,Embedded,02:10,2024-12-31
38.8942786,-77.43109919999999,Embedded,02:10,2024-12-31
47.85839,-122.2709005,Embedded,02:10,2024-12-31
33.8291867,-118.3169714,Embedded,02:10,2024-12-31
37.4062237,-122.0781663,Embedded,02:10,2024-12-31
38.7742151,-77.1887747,Embedded,02:11,2024-12-31
34.08556240000001,-119.060935,Embedded,02:11,2024-12-31
33.8291867,-118.3169714,Embedded,02:11,2024-12-31
33.8291867,-118.3169714,Embedded,02:11,2024-12-31
36.778261,-119.4179324,Embedded,02:11,2024-12-31
42.5357932,-70.9665682,Embedded,02:11,2024-12-31
37.8271784,-122.2913078,Embedded,02:12,2024-12-31
29.7600771,-95.37011079999999,Embedded,02:12,2024-12-31
40.7127753,-74.0059728,Embedded,02:12,2024-12-31
37.3900264,-122.0812304,Embedded,02:12,2024-12-31
34.6950842,-86.65103289999999,Embedded,02:12,2024-12-31
26.7056266,-82.1589815,Embedded,02:13,2024-12-31
42.3600825,-71.0588801,Embedded,02:13,2024-12-31
39.978371,-86.1180435,Embedded,02:13,2024-12-31
40.440368,-79.9836108,Embedded,02:13,2024-12-31
43.6629964,-70.2568775,Embedded,02:13,2024-12-31
33.4160658,-82.13814430000001,Embedded,02:13,2024-12-31
29.7600771,-95.37011079999999,Embedded,02:14,2024-12-31
40.0149856,-105.2705456,Embedded,02:14,2024-12-31
40.7519846,-73.9697795,Embedded,02:14,2024-12-31
42.4792618,-71.1522765,Embedded,02:14,2024-12-31
40.7831814,-96.6370893,Embedded,02:14,2024-12-31
38.912068,-77.0190228,AI,02:16,2024-12-31
38.8830265,-77.0134443,AI,02:17,2024-12-31
40.7127753,-74.0059728,AI,02:17,2024-12-31
39.7864873,-104.6937674,AI,02:17,2024-12-31
40.2303787,-74.27661859999999,AI,02:17,2024-12-31
40.8971509,-73.9065883,AI,02:18,2024-12-31
38.7945952,-106.5348379,AI,02:18,2024-12-31
41.8781136,-87.6297982,AI,02:18,2024-12-31
35.1543524,-89.9206512,AI,02:18,2024-12-31
40.7127753,-74.0059728,AI,02:18,2024-12-31
38.58,-121.49,AI,02:18,2024-12-31
37.33874,-121.8852525,AI,02:19,2024-12-31
40.0131418,-75.23040379999999,AI,02:19,2024-12-31
34.0549076,-118.242643,AI,02:19,2024-12-31
25.7616798,-80.1917902,AI,02:19,2024-12-31
46.9770179,-122.858419,AI,02:19,2024-12-31
38.912068,-77.0190228,AI,02:20,2024-12-31
37.3539663,-121.9529992,AI,02:20,2024-12-31
39.0038878,-77.1053673,AI,02:20,2024-12-31
30.3415589,-97.75495459999999,AI,02:20,2024-12-31
38.7945952,-106.5348379,AI,02:20,2024-12-31
37.4308503,-121.9529992,AI,02:20,2024-12-31
33.849145,-84.3620913,AI,02:21,2024-12-31
34.0549076,-118.242643,AI,02:21,2024-12-31
42.295963,-83.3735966,AI,02:21,2024-12-31
38.6418022,-121.5255815,AI,02:21,2024-12-31
41.8781136,-87.6297982,AI,02:21,2024-12-31
30.5184228,-97.70908539999999,AI,02:21,2024-12-31
37.354611,-121.918866,AI,02:22,2024-12-31
44.0442876,-92.99787839999999,AI,02:22,2024-12-31
47.6061389,-122.3328481,AI,02:22,2024-12-31
40.7127753,-74.0059728,AI,02:22,2024-12-31
37.3900264,-122.0812304,AI,02:22,2024-12-31
38.8799697,-77.1067698,AI,02:22,2024-12-31
39.7713348,-86.1543633,AI,02:23,2024-12-31
33.3312297,-111.642224,AI,02:23,2024-12-31
36.778261,-119.4179324,AI,02:23,2024-12-31
39.892517,-105.1142011,AI,02:23,2024-12-31
37.354611,-121.918866,AI,02:23,2024-12-31
37.33874,-121.8852525,AI,02:24,2024-12-31
29.9179181,-95.4882679,AI,02:24,2024-12-31
38.93,-77.17999999999999,AI,02:24,2024-12-31
36.849734,-76.097201,AI,02:24,2024-12-31
37.7890183,-122.3915063,AI,02:24,2024-12-31
37.36883,-122.0363496,AI,02:24,2024-12-31
38.9071923,-77.0368707,AI,02:25,2024-12-31
37.3986039,-121.9643745,AI,02:25,2024-12-31
38.8338816,-104.8213634,AI,02:25,2024-12-31
42.1675254,-87.897014,AI,02:25,2024-12-31
39.1202934,-76.77693239999999,AI,02:25,2024-12-31
37.3539663,-121.9529992,AI,02:26,2024-12-31
36.0501104,-95.9579174,AI,02:26,2024-12-31
38.9071923,-77.0368707,AI,02:26,2024-12-31
30.2729209,-97.74438630000002,AI,02:26,2024-12-31
37.79593620000001,-122.4000032,AI,02:27,2024-12-31
40.7127753,-74.0059728,AI,02:27,2024-12-31
40.7127753,-74.0059728,AI,02:27,2024-12-31
40.7284018,-73.7874983,AI,02:28,2024-12-31
38.7945952,-106.5348379,AI,02:28,2024-12-31
46.8041643,-100.7877616,AI,02:28,2024-12-31
32.7766642,-96.79698789999999,AI,02:28,2024-12-31
46.729553,-94.6858998,AI,02:28,2024-12-31
39.0437567,-77.4874416,AI,02:29,2024-12-31
37.7749295,-122.4194155,AI,02:29,2024-12-31
40.7127753,-74.0059728,AI,02:29,2024-12-31
33.4986286,-111.9224398,AI,02:29,2024-12-31
37.4484914,-122.1802812,BizOps,02:32,2024-12-31
32.9418531,-96.8002704,BizOps,02:32,2024-12-31
38.7699175,-90.4667501,BizOps,02:32,2024-12-31
37.33874,-121.8852525,BizOps,02:32,2024-12-31
42.91694620000001,-89.21789369999999,BizOps,02:33,2024-12-31
35.2270869,-80.8431267,BizOps,02:33,2024-12-31
37.3229978,-122.0321823,BizOps,02:33,2024-12-31
40.7388319,-73.98153370000001,BizOps,02:33,2024-12-31
40.5184013,-80.1667247,BizOps,02:33,2024-12-31
34.0194543,-118.4911912,BizOps,02:33,2024-12-31
37.7749295,-122.4194155,BizOps,02:34,2024-12-31
34.2804923,-119.2945199,BizOps,02:34,2024-12-31
29.7508512,-95.4122817,BizOps,02:34,2024-12-31
37.3541079,-121.9552356,BizOps,02:34,2024-12-31
34.2576066,-88.7033859,BizOps,02:35,2024-12-31
37.4062237,-122.0781663,BizOps,02:35,2024-12-31
38.8106075,-90.69984769999999,BizOps,02:35,2024-12-31
33.7501275,-84.3885209,BizOps,02:35,2024-12-31
33.6834142,-117.9073244,BizOps,02:35,2024-12-31
33.5114334,-112.0685027,BizOps,02:36,2024-12-31
37.3229978,-122.0321823,BizOps,02:36,2024-12-31
37.7726402,-122.4099154,BizOps,02:36,2024-12-31
37.7749295,-122.4194155,BizOps,02:36,2024-12-31
38.7450528,-90.724773,BizOps,02:36,2024-12-31
40.7136487,-74.0087126,BizOps,02:37,2024-12-31
38.7450528,-90.724773,BizOps,02:37,2024-12-31
44.977753,-93.2650108,BizOps,02:37,2024-12-31
38.7450528,-90.724773,BizOps,02:37,2024-12-31
38.7450528,-90.724773,BizOps,02:37,2024-12-31
37.7749295,-122.4194155,BizOps,02:37,2024-12-31
42.3600825,-71.0588801,BizOps,02:38,2024-12-31
37.7911148,-122.4021273,BizOps,02:38,2024-12-31
47.6061389,-122.3328481,BizOps,02:38,2024-12-31
38.7450528,-90.724773,BizOps,02:38,2024-12-31
41.8781136,-87.6297982,BizOps,02:38,2024-12-31
38.7450528,-90.724773,BizOps,02:38,2024-12-31
37.7911148,-122.4021273,BizOps,02:39,2024-12-31
38.7450528,-90.724773,BizOps,02:39,2024-12-31
42.3600825,-71.0588801,BizOps,02:39,2024-12-31
40.7127753,-74.0059728,BizOps,02:39,2024-12-31
47.6061389,-122.3328481,BizOps,02:39,2024-12-31
47.6101497,-122.2015159,BizOps,02:40,2024-12-31
40.7464969,-74.0094471,BizOps,02:40,2024-12-31
47.6739881,-122.121512,BizOps,02:40,2024-12-31
37.7911148,-122.4021273,BizOps,02:40,2024-12-31
37.7749295,-122.4194155,BizOps,02:40,2024-12-31
38.7945952,-106.5348379,BizOps,02:41,2024-12-31
